Unique_Tiger_ID,Original_Filename,Status,Match_Confidence_Score,Top_ResNet_Label,Blur_Score,Std_Dev,Resolution_Width,Resolution_Height
TIG_2026_0001,tiger_10.png,Original,N/A (New Enrollment),tiger,170.8,0.249,512,512
TIG_2026_0002,tiger_103.png,Original,N/A (New Enrollment),tiger,53.9,0.234,512,512
TIG_2026_0003,tiger_104.png,Original,N/A (New Enrollment),tiger,552.7,0.204,512,512
TIG_2026_0004,tiger_107.png,Original,N/A (New Enrollment),tiger,146.4,0.199,512,512
TIG_2026_0005,tiger_109.png,Original,N/A (New Enrollment),tiger,364.0,0.176,512,512
TIG_2026_0006,tiger_110.png,Original,N/A (New Enrollment),tiger,307.5,0.325,512,512
TIG_2026_0007,TIger_1123.jpeg,Original,N/A (New Enrollment),tiger cat,2103.8,0.193,225,225
TIG_2026_0008,tiger_115.png,Original,N/A (New Enrollment),tiger,144.1,0.213,512,512
TIG_2026_0009,tiger_117.png,Original,N/A (New Enrollment),tiger,424.4,0.161,512,512
TIG_2026_0008,tiger_118.png,Duplicate,91.2%,tiger,414.2,0.195,512,512
TIG_2026_0010,tiger_119.png,Original,N/A (New Enrollment),tiger,284.4,0.131,512,512
TIG_2026_0008,tiger_12.png,Duplicate,91.0%,tiger,125.1,0.221,512,512
TIG_2026_0011,tiger_121.png,Original,N/A (New Enrollment),tiger,1094.3,0.227,512,512
TIG_2026_0012,tiger_125.png,Original,N/A (New Enrollment),tiger,440.4,0.201,512,512
TIG_2026_0013,tiger_126.png,Original,N/A (New Enrollment),tiger,192.1,0.195,512,512
TIG_2026_0008,tiger_127.png,Duplicate,90.5%,tiger,160.5,0.229,512,512
TIG_2026_0014,tiger_13.png,Original,N/A (New Enrollment),tiger,718.3,0.22,512,512
TIG_2026_0015,tiger_130.png,Original,N/A (New Enrollment),tiger,168.6,0.185,512,512
TIG_2026_0016,tiger_132.png,Original,N/A (New Enrollment),tiger,975.9,0.144,512,512
TIG_2026_0008,tiger_136.png,Duplicate,88.4%,tiger,159.8,0.206,512,512
TIG_2026_0017,tiger_139.png,Original,N/A (New Enrollment),tiger,178.9,0.158,512,512
TIG_2026_0018,tiger_14.png,Original,N/A (New Enrollment),tiger,116.8,0.162,512,512
TIG_2026_0019,tiger_142.png,Original,N/A (New Enrollment),tiger,227.6,0.241,512,512
TIG_2026_0008,tiger_143.png,Duplicate,90.1%,tiger,356.5,0.198,512,512
TIG_2026_0005,tiger_149.png,Duplicate,91.3%,tiger,472.7,0.174,512,512
TIG_2026_0020,tiger_15.png,Original,N/A (New Enrollment),tiger,68.2,0.181,512,512
TIG_2026_0002,tiger_150.png,Duplicate,90.6%,tiger,80.3,0.205,512,512
TIG_2026_0021,tiger_153.png,Original,N/A (New Enrollment),tiger,111.8,0.164,512,512
TIG_2026_0008,tiger_154.png,Duplicate,92.5%,tiger,155.1,0.136,512,512
TIG_2026_0022,tiger_155.png,Original,N/A (New Enrollment),tiger,939.3,0.127,512,512
TIG_2026_0023,tiger_156.png,Original,N/A (New Enrollment),tiger,2413.7,0.228,512,512
TIG_2026_0008,tiger_159.png,Duplicate,89.6%,tiger,627.5,0.261,512,512
TIG_2026_0024,tiger_162.png,Original,N/A (New Enrollment),tiger,273.0,0.171,512,512
TIG_2026_0008,tiger_163.png,Duplicate,88.7%,tiger,147.0,0.169,512,512
TIG_2026_0017,tiger_167.png,Duplicate,88.7%,tiger,672.5,0.157,512,512
TIG_2026_0008,tiger_170.png,Duplicate,88.4%,tiger,145.0,0.232,512,512
TIG_2026_0025,tiger_172.png,Original,N/A (New Enrollment),tiger,548.7,0.227,512,512
TIG_2026_0026,tiger_173.png,Original,N/A (New Enrollment),tiger,44.5,0.18,512,512
TIG_2026_0027,tiger_178.png,Original,N/A (New Enrollment),tiger,80.3,0.175,512,512
TIG_2026_0028,tiger_179.png,Original,N/A (New Enrollment),tiger,411.8,0.227,512,512
TIG_2026_0008,tiger_181.png,Duplicate,91.2%,tiger,654.9,0.168,512,512
TIG_2026_0008,tiger_185.png,Duplicate,91.4%,tiger,161.1,0.209,512,512
TIG_2026_0029,tiger_188.png,Original,N/A (New Enrollment),tiger,96.2,0.11,512,512
TIG_2026_0008,tiger_189.png,Duplicate,89.3%,tiger,211.2,0.189,512,512
TIG_2026_0030,tiger_19.png,Original,N/A (New Enrollment),tiger,50.9,0.229,512,512
TIG_2026_0008,tiger_190.png,Duplicate,88.1%,tiger,131.2,0.194,512,512
TIG_2026_0008,tiger_192.png,Duplicate,88.5%,tiger,497.8,0.137,512,512
TIG_2026_0004,tiger_193.png,Duplicate,90.9%,tiger,284.5,0.163,512,512
TIG_2026_0031,tiger_194.png,Original,N/A (New Enrollment),tiger,239.6,0.158,512,512
TIG_2026_0032,tiger_195.png,Original,N/A (New Enrollment),tiger,87.7,0.203,512,512
TIG_2026_0008,tiger_198.png,Duplicate,89.4%,tiger,159.9,0.223,512,512
TIG_2026_0008,tiger_200.png,Duplicate,89.5%,tiger,262.0,0.202,512,512
TIG_2026_0008,tiger_201.png,Duplicate,90.4%,tiger,1594.8,0.221,512,512
TIG_2026_0033,tiger_205.png,Original,N/A (New Enrollment),tiger,406.6,0.21,512,512
TIG_2026_0034,tiger_206.png,Original,N/A (New Enrollment),tiger,103.4,0.123,512,512
TIG_2026_0008,tiger_208.png,Duplicate,92.6%,tiger,179.8,0.195,512,512
TIG_2026_0003,tiger_21.png,Duplicate,88.4%,tiger,7525.1,0.217,512,512
TIG_2026_0035,tiger_210.png,Original,N/A (New Enrollment),tiger,490.3,0.165,512,512
TIG_2026_0036,tiger_219.png,Original,N/A (New Enrollment),tiger,164.2,0.195,512,512
TIG_2026_0037,tiger_223.png,Original,N/A (New Enrollment),tiger,120.1,0.141,512,512
TIG_2026_0008,tiger_224.png,Duplicate,90.6%,tiger,114.4,0.211,512,512
TIG_2026_0008,tiger_225.png,Duplicate,92.9%,tiger,152.3,0.127,512,512
TIG_2026_0008,tiger_228.png,Duplicate,90.8%,tiger,368.8,0.225,512,512
TIG_2026_0038,tiger_23.png,Original,N/A (New Enrollment),tiger,57.4,0.232,512,512
TIG_2026_0008,tiger_230.png,Duplicate,90.7%,tiger,220.5,0.179,512,512
TIG_2026_0039,tiger_231.png,Original,N/A (New Enrollment),tiger,238.1,0.246,512,512
TIG_2026_0040,tiger_233.png,Original,N/A (New Enrollment),tiger,42.7,0.122,512,512
TIG_2026_0041,tiger_234.png,Original,N/A (New Enrollment),tiger,226.5,0.095,512,512
TIG_2026_0008,tiger_235.png,Duplicate,89.8%,tiger,358.1,0.184,512,512
TIG_2026_0042,tiger_236.png,Original,N/A (New Enrollment),tiger,67.8,0.209,512,512
TIG_2026_0043,tiger_237.png,Original,N/A (New Enrollment),tiger,1153.7,0.179,512,512
TIG_2026_0044,tiger_24.png,Original,N/A (New Enrollment),tiger,301.1,0.183,512,512
TIG_2026_0045,tiger_240.png,Original,N/A (New Enrollment),tiger,150.2,0.175,512,512
TIG_2026_0046,tiger_241.png,Original,N/A (New Enrollment),tiger,471.5,0.197,512,512
TIG_2026_0018,tiger_244.png,Duplicate,91.0%,tiger,690.3,0.2,512,512
TIG_2026_0047,tiger_249.png,Original,N/A (New Enrollment),tiger,226.9,0.143,512,512
TIG_2026_0048,tiger_250.png,Original,N/A (New Enrollment),tiger,272.6,0.206,512,512
TIG_2026_0049,tiger_253.png,Original,N/A (New Enrollment),tiger,309.1,0.182,512,512
TIG_2026_0050,tiger_254.png,Original,N/A (New Enrollment),tiger,140.6,0.251,512,512
TIG_2026_0051,tiger_255.png,Original,N/A (New Enrollment),tiger,274.8,0.128,512,512
TIG_2026_0052,tiger_256.png,Original,N/A (New Enrollment),tiger,91.6,0.226,512,512
TIG_2026_0018,tiger_260.png,Duplicate,88.3%,tiger,299.3,0.171,512,512
TIG_2026_0053,tiger_261.png,Original,N/A (New Enrollment),tiger,195.8,0.24,512,512
TIG_2026_0054,tiger_266.png,Original,N/A (New Enrollment),tiger,1286.4,0.254,512,512
TIG_2026_0055,tiger_269.png,Original,N/A (New Enrollment),tiger,111.0,0.167,512,512
TIG_2026_0056,tiger_273.png,Original,N/A (New Enrollment),tiger,117.1,0.19,512,512
TIG_2026_0057,tiger_275.png,Original,N/A (New Enrollment),tiger,292.7,0.178,512,512
TIG_2026_0018,tiger_276.png,Duplicate,89.9%,tiger,458.7,0.189,512,512
TIG_2026_0058,tiger_279.png,Original,N/A (New Enrollment),tiger,256.9,0.155,512,512
TIG_2026_0008,tiger_280.png,Duplicate,90.5%,tiger,215.7,0.146,512,512
TIG_2026_0059,tiger_281.png,Original,N/A (New Enrollment),tiger,181.7,0.187,512,512
TIG_2026_0008,tiger_282.png,Duplicate,91.1%,tiger,218.1,0.16,512,512
TIG_2026_0008,tiger_283.png,Duplicate,91.3%,tiger,153.3,0.144,512,512
TIG_2026_0057,tiger_284.png,Duplicate,89.4%,tiger,146.6,0.262,512,512
TIG_2026_0060,tiger_286.png,Original,N/A (New Enrollment),tiger,75.5,0.181,512,512
TIG_2026_0061,tiger_289.png,Original,N/A (New Enrollment),tiger,111.7,0.157,512,512
TIG_2026_0003,tiger_295.png,Duplicate,90.4%,tiger,2604.3,0.205,512,512
TIG_2026_0057,tiger_299.png,Duplicate,88.7%,tiger,172.1,0.179,512,512
TIG_2026_0062,tiger_300.png,Original,N/A (New Enrollment),tiger,243.5,0.206,512,512
TIG_2026_0063,tiger_302.png,Original,N/A (New Enrollment),tiger,1263.1,0.205,512,512
TIG_2026_0064,tiger_303.png,Original,N/A (New Enrollment),tiger,3779.2,0.17,512,512
TIG_2026_0003,tiger_304.png,Duplicate,93.7%,tiger,729.0,0.252,512,512
TIG_2026_0065,tiger_305.png,Original,N/A (New Enrollment),tiger,1520.5,0.172,512,512
TIG_2026_0004,tiger_306.png,Duplicate,88.9%,tiger,343.4,0.245,512,512
TIG_2026_0066,tiger_309.png,Original,N/A (New Enrollment),tiger,130.5,0.135,512,512
TIG_2026_0067,tiger_315.png,Original,N/A (New Enrollment),tiger,207.8,0.149,512,512
TIG_2026_0003,tiger_316.png,Duplicate,91.4%,tiger,813.3,0.219,512,512
TIG_2026_0068,tiger_319.png,Original,N/A (New Enrollment),tiger,90.4,0.312,512,512
TIG_2026_0069,tiger_32.png,Original,N/A (New Enrollment),tiger,405.9,0.141,512,512
TIG_2026_0070,tiger_321.png,Original,N/A (New Enrollment),tiger,1054.4,0.208,512,512
TIG_2026_0071,tiger_323.png,Original,N/A (New Enrollment),tiger,1701.8,0.323,512,512
TIG_2026_0056,tiger_326.png,Duplicate,88.5%,tiger,224.4,0.244,512,512
TIG_2026_0023,tiger_327.png,Duplicate,89.6%,tiger,3353.3,0.232,512,512
TIG_2026_0072,tiger_331.png,Original,N/A (New Enrollment),tiger,318.3,0.209,512,512
TIG_2026_0073,tiger_334.png,Original,N/A (New Enrollment),tiger,95.4,0.083,512,512
TIG_2026_0074,tiger_336.png,Original,N/A (New Enrollment),tiger,288.7,0.198,512,512
TIG_2026_0060,tiger_340.png,Duplicate,88.9%,tiger,235.7,0.225,512,512
TIG_2026_0008,tiger_344.png,Duplicate,89.2%,tiger,118.7,0.159,512,512
TIG_2026_0075,tiger_345.png,Original,N/A (New Enrollment),tiger,108.4,0.225,512,512
TIG_2026_0076,tiger_346.png,Original,N/A (New Enrollment),tiger,757.8,0.224,512,512
TIG_2026_0077,tiger_347.png,Original,N/A (New Enrollment),tiger,111.1,0.236,512,512
TIG_2026_0071,tiger_348.png,Duplicate,90.9%,tiger,230.0,0.317,512,512
TIG_2026_0057,tiger_349.png,Duplicate,90.8%,tiger,309.2,0.232,512,512
TIG_2026_0078,tiger_350.png,Original,N/A (New Enrollment),tiger,1326.7,0.235,512,512
TIG_2026_0003,tiger_351.png,Duplicate,89.9%,tiger,1102.1,0.212,512,512
TIG_2026_0030,tiger_352.png,Duplicate,91.1%,tiger,115.0,0.265,512,512
TIG_2026_0079,tiger_355.png,Original,N/A (New Enrollment),tiger,275.4,0.133,512,512
TIG_2026_0080,tiger_358.png,Original,N/A (New Enrollment),tiger,233.9,0.183,512,512
TIG_2026_0081,tiger_359.png,Original,N/A (New Enrollment),tiger,169.2,0.24,512,512
TIG_2026_0082,tiger_361.png,Original,N/A (New Enrollment),tiger,177.4,0.134,512,512
TIG_2026_0083,tiger_362.png,Original,N/A (New Enrollment),tiger,151.8,0.228,512,512
TIG_2026_0084,tiger_367.png,Original,N/A (New Enrollment),tiger,371.9,0.223,512,512
TIG_2026_0085,tiger_368.png,Original,N/A (New Enrollment),tiger,1394.2,0.151,512,512
TIG_2026_0086,tiger_369.png,Original,N/A (New Enrollment),tiger,245.5,0.362,512,512
TIG_2026_0002,tiger_371.png,Duplicate,89.5%,tiger,49.0,0.236,512,512
TIG_2026_0061,tiger_372.png,Duplicate,91.0%,tiger,58.6,0.157,512,512
TIG_2026_0087,tiger_375.png,Original,N/A (New Enrollment),tiger,208.7,0.194,512,512
TIG_2026_0008,tiger_382.png,Duplicate,89.6%,tiger,321.4,0.266,512,512
TIG_2026_0088,tiger_387.png,Original,N/A (New Enrollment),tiger,167.2,0.122,512,512
TIG_2026_0008,tiger_389.png,Duplicate,90.9%,tiger,272.4,0.28,512,512
TIG_2026_0008,tiger_391.png,Duplicate,90.4%,tiger,192.8,0.253,512,512
TIG_2026_0089,tiger_395.png,Original,N/A (New Enrollment),tiger,262.6,0.258,512,512
TIG_2026_0090,tiger_399.png,Original,N/A (New Enrollment),tiger,269.4,0.158,512,512
TIG_2026_0091,tiger_4.png,Original,N/A (New Enrollment),tiger,46.3,0.193,512,512
TIG_2026_0092,tiger_401.png,Original,N/A (New Enrollment),tiger,238.6,0.18,512,512
TIG_2026_0003,tiger_402.png,Duplicate,93.0%,tiger,542.2,0.129,512,512
TIG_2026_0093,tiger_403.png,Original,N/A (New Enrollment),tiger,1183.3,0.128,512,512
TIG_2026_0094,tiger_408.png,Original,N/A (New Enrollment),tiger,291.4,0.24,512,512
TIG_2026_0043,tiger_410.png,Duplicate,91.3%,tiger,119.3,0.116,512,512
TIG_2026_0095,tiger_411.png,Original,N/A (New Enrollment),tiger,134.1,0.327,512,512
TIG_2026_0096,tiger_417.png,Original,N/A (New Enrollment),tiger,173.3,0.153,512,512
TIG_2026_0097,tiger_42.png,Original,N/A (New Enrollment),tiger,105.6,0.336,512,512
TIG_2026_0008,tiger_49.png,Duplicate,90.8%,tiger,270.4,0.206,512,512
TIG_2026_0004,tiger_50.png,Duplicate,91.6%,tiger,254.9,0.216,512,512
TIG_2026_0082,tiger_51.png,Duplicate,92.3%,tiger,209.1,0.146,512,512
TIG_2026_0098,tiger_52.png,Original,N/A (New Enrollment),tiger,40.0,0.176,512,512
TIG_2026_0099,tiger_54.png,Original,N/A (New Enrollment),tiger,44.1,0.153,512,512
TIG_2026_0100,tiger_55.png,Original,N/A (New Enrollment),tiger,1724.4,0.263,512,512
TIG_2026_0101,tiger_6.png,Original,N/A (New Enrollment),tiger,248.2,0.212,512,512
TIG_2026_0008,tiger_62.png,Duplicate,90.6%,tiger,149.5,0.193,512,512
TIG_2026_0064,tiger_67.png,Duplicate,88.1%,tiger,6491.9,0.18,512,512
TIG_2026_0008,tiger_68.png,Duplicate,90.0%,tiger,168.6,0.195,512,512
TIG_2026_0102,tiger_69.png,Original,N/A (New Enrollment),tiger,185.4,0.145,512,512
TIG_2026_0060,tiger_7.png,Duplicate,88.6%,tiger,317.8,0.21,512,512
TIG_2026_0103,tiger_71.png,Original,N/A (New Enrollment),tiger,152.2,0.124,512,512
TIG_2026_0104,tiger_74.png,Original,N/A (New Enrollment),tiger,241.4,0.206,512,512
TIG_2026_0008,tiger_75.png,Duplicate,92.0%,tiger,115.8,0.187,512,512
TIG_2026_0105,tiger_76.png,Original,N/A (New Enrollment),tiger,394.9,0.159,512,512
TIG_2026_0106,tiger_78.png,Original,N/A (New Enrollment),tiger,212.7,0.227,512,512
TIG_2026_0003,tiger_79.png,Duplicate,89.7%,tiger,1354.8,0.169,512,512
TIG_2026_0081,tiger_8.png,Duplicate,89.7%,tiger,131.1,0.156,512,512
TIG_2026_0082,tiger_84.png,Duplicate,89.9%,tiger,118.5,0.172,512,512
TIG_2026_0107,tiger_85.png,Original,N/A (New Enrollment),tiger,158.9,0.156,512,512
TIG_2026_0005,tiger_86.png,Duplicate,88.5%,tiger,796.6,0.261,512,512
TIG_2026_0056,tiger_89.png,Duplicate,92.9%,tiger,201.5,0.19,512,512
TIG_2026_0103,tiger_9.png,Duplicate,90.0%,tiger,40.7,0.123,512,512
TIG_2026_0030,tiger_90.png,Duplicate,90.5%,tiger,177.8,0.232,512,512
TIG_2026_0108,tiger_91.png,Original,N/A (New Enrollment),tiger,251.6,0.309,512,512
TIG_2026_0109,tiger_93.png,Original,N/A (New Enrollment),tiger,227.3,0.164,512,512
TIG_2026_0008,tiger_96.png,Duplicate,90.0%,tiger,125.1,0.129,512,512
TIG_2026_0061,tiger_98.png,Duplicate,88.1%,tiger,115.1,0.135,512,512
